[{"id":26020,"name":"Arcachon","state":12350,"created_at":"2020-09-08T08:17:56.130Z","updated_at":"2020-09-08T08:17:56.143Z","state_id":null,"conferences":[]},{"id":26021,"name":"Oyonnax","state":12349,"created_at":"2020-09-08T08:20:11.775Z","updated_at":"2020-09-08T08:20:11.789Z","state_id":null,"conferences":[]},{"id":26023,"name":"Chandur","state":12343,"created_at":"2020-09-08T08:21:20.394Z","updated_at":"2020-09-08T08:21:20.406Z","state_id":null,"conferences":[]},{"id":26024,"name":"Fabryczna","state":12347,"created_at":"2020-09-08T08:23:02.264Z","updated_at":"2020-09-08T08:23:02.279Z","state_id":null,"conferences":[]},{"id":26029,"name":"Gubin","state":12348,"created_at":"2020-09-08T08:25:43.836Z","updated_at":"2020-09-08T08:25:43.847Z","state_id":null,"conferences":[]},{"id":26025,"name":"Adalaj","state":12344,"created_at":"2020-09-08T08:23:43.920Z","updated_at":"2020-09-08T08:39:24.995Z","state_id":{"id":12351,"country":null,"name":"Gujarat","created_at":"2020-09-08T08:39:24.971Z","updated_at":"2020-09-08T08:39:24.998Z","country_id":null},"conferences":[]},{"id":26026,"name":"Anand","state":12344,"created_at":"2020-09-08T08:24:00.119Z","updated_at":"2020-09-08T08:39:24.995Z","state_id":{"id":12351,"country":null,"name":"Gujarat","created_at":"2020-09-08T08:39:24.971Z","updated_at":"2020-09-08T08:39:24.998Z","country_id":null},"conferences":[]},{"id":26027,"name":"Vadodara","state":12344,"created_at":"2020-09-08T08:24:09.747Z","updated_at":"2020-09-08T08:39:24.995Z","state_id":{"id":12351,"country":null,"name":"Gujarat","created_at":"2020-09-08T08:39:24.971Z","updated_at":"2020-09-08T08:39:24.998Z","country_id":null},"conferences":[]},{"id":26022,"name":"Alampur","state":12343,"created_at":"2020-09-08T08:20:53.402Z","updated_at":"2020-09-08T08:39:47.285Z","state_id":{"id":12352,"country":null,"name":"Andhra Pradesh","created_at":"2020-09-08T08:39:47.266Z","updated_at":"2020-09-08T08:39:47.288Z","country_id":null},"conferences":[]},{"id":26028,"name":"Adoor","state":12345,"created_at":"2020-09-08T08:24:49.692Z","updated_at":"2020-09-08T08:39:47.285Z","state_id":{"id":12352,"country":null,"name":"Andhra Pradesh","created_at":"2020-09-08T08:39:47.266Z","updated_at":"2020-09-08T08:39:47.288Z","country_id":null},"conferences":[]}]