[{"id":248,"name":"France","code":"FR","created_at":"2020-09-08T08:13:22.324Z","updated_at":"2020-09-08T08:27:44.921Z","conferences":[],"states":[]},{"id":249,"name":"Poland","code":"PL","created_at":"2020-09-08T08:14:11.262Z","updated_at":"2020-09-08T08:28:24.093Z","conferences":[],"states":[]},{"id":247,"name":"India","code":"IN","created_at":"2020-09-08T08:03:39.886Z","updated_at":"2020-09-08T08:40:24.759Z","conferences":[],"states":[{"id":12351,"country":null,"name":"Gujarat","created_at":"2020-09-08T08:39:24.971Z","updated_at":"2020-09-08T08:39:24.998Z","country_id":null},{"id":12352,"country":null,"name":"Andhra Pradesh","created_at":"2020-09-08T08:39:47.266Z","updated_at":"2020-09-08T08:39:47.288Z","country_id":null}]}]