[{"id":3,"sequence":3,"fields":"Municipal Certificate","view":null,"required":null,"isAddedByAdmin":true,"created_at":"2020-10-13T09:13:44.617Z","updated_at":"2020-10-13T09:13:44.627Z","create_registration":null,"isEditable":false},{"id":4,"sequence":4,"fields":"Signature","view":null,"required":null,"isAddedByAdmin":true,"created_at":"2020-10-13T09:15:09.898Z","updated_at":"2020-10-13T09:15:09.904Z","create_registration":null,"isEditable":false},{"id":2,"sequence":2,"fields":"Address Proof","view":null,"required":null,"isAddedByAdmin":true,"created_at":"2020-10-13T08:48:39.257Z","updated_at":"2020-11-05T07:08:46.980Z","create_registration":null,"isEditable":false},{"id":1,"sequence":1,"fields":"Shops & EC","view":true,"required":false,"isAddedByAdmin":true,"created_at":"2020-09-23T05:00:02.865Z","updated_at":"2020-11-05T07:08:56.197Z","create_registration":5,"isEditable":null}]