[{"id":2,"sequence":2,"fields":"Address","view":true,"required":true,"isAddedByAdmin":true,"created_at":"2020-09-11T09:03:49.484Z","updated_at":"2020-10-08T09:29:10.166Z","create_registration":5,"isEditable":null},{"id":3,"sequence":3,"fields":"Email Id","view":true,"required":true,"isAddedByAdmin":true,"created_at":"2020-09-11T09:04:01.144Z","updated_at":"2020-10-08T09:29:10.166Z","create_registration":5,"isEditable":null},{"id":5,"sequence":5,"fields":"Country","view":null,"required":null,"isAddedByAdmin":true,"created_at":"2020-10-09T04:52:11.434Z","updated_at":"2020-10-13T06:30:11.688Z","create_registration":null,"isEditable":false},{"id":7,"sequence":7,"fields":"City","view":null,"required":null,"isAddedByAdmin":true,"created_at":"2020-10-13T06:30:50.425Z","updated_at":"2020-10-13T06:30:50.433Z","create_registration":null,"isEditable":false},{"id":6,"sequence":6,"fields":"State","view":null,"required":null,"isAddedByAdmin":true,"created_at":"2020-10-13T06:30:34.001Z","updated_at":"2020-10-13T06:30:56.570Z","create_registration":null,"isEditable":false},{"id":8,"sequence":8,"fields":"Branch","view":null,"required":null,"isAddedByAdmin":true,"created_at":"2020-10-13T06:31:30.288Z","updated_at":"2020-10-13T06:31:30.295Z","create_registration":null,"isEditable":false},{"id":9,"sequence":9,"fields":"Speciality","view":null,"required":null,"isAddedByAdmin":true,"created_at":"2020-10-13T06:31:50.421Z","updated_at":"2020-10-13T06:31:50.427Z","create_registration":null,"isEditable":false},{"id":10,"sequence":10,"fields":"Super Speciality","view":null,"required":null,"isAddedByAdmin":true,"created_at":"2020-10-13T06:32:13.328Z","updated_at":"2020-10-13T06:32:13.333Z","create_registration":null,"isEditable":false},{"id":11,"sequence":11,"fields":"Website","view":null,"required":null,"isAddedByAdmin":true,"created_at":"2020-10-13T06:33:08.667Z","updated_at":"2020-10-13T06:33:08.675Z","create_registration":null,"isEditable":false},{"id":12,"sequence":12,"fields":"aa","view":null,"required":null,"isAddedByAdmin":false,"created_at":"2020-10-14T08:37:15.038Z","updated_at":"2020-10-14T08:37:15.038Z","create_registration":null,"isEditable":true},{"id":1,"sequence":1,"fields":"Hospital Name","view":true,"required":true,"isAddedByAdmin":true,"created_at":"2020-09-11T09:03:33.504Z","updated_at":"2020-10-16T06:45:25.890Z","create_registration":5,"isEditable":null},{"id":4,"sequence":4,"fields":"Contact No.","view":true,"required":true,"isAddedByAdmin":true,"created_at":"2020-09-11T09:05:00.329Z","updated_at":"2020-10-19T06:16:21.190Z","create_registration":5,"isEditable":null}]