[{"id":1,"name":"   General Practioner","isActive":true,"branch":{"id":1,"name":"Allopathy","created_at":"2020-08-05T10:47:14.337Z","updated_at":"2020-08-05T10:47:14.348Z"},"user_role":{"id":1,"name":"Doctor","isActive":true,"created_at":"2020-08-05T10:45:56.831Z","updated_at":"2020-08-05T10:45:56.839Z"},"created_at":"2020-08-05T10:50:24.600Z","updated_at":"2020-08-05T10:50:24.610Z","branch_name":null,"super_specialities":[]},{"id":2,"name":"ANAESTHESIA","isActive":true,"branch":{"id":1,"name":"Allopathy","created_at":"2020-08-05T10:47:14.337Z","updated_at":"2020-08-05T10:47:14.348Z"},"user_role":{"id":1,"name":"Doctor","isActive":true,"created_at":"2020-08-05T10:45:56.831Z","updated_at":"2020-08-05T10:45:56.839Z"},"created_at":"2020-08-05T10:50:35.189Z","updated_at":"2020-08-05T10:50:35.197Z","branch_name":null,"super_specialities":[]},{"id":3,"name":"CHEST MEDICINE (Pulmonology)","isActive":true,"branch":{"id":1,"name":"Allopathy","created_at":"2020-08-05T10:47:14.337Z","updated_at":"2020-08-05T10:47:14.348Z"},"user_role":{"id":1,"name":"Doctor","isActive":true,"created_at":"2020-08-05T10:45:56.831Z","updated_at":"2020-08-05T10:45:56.839Z"},"created_at":"2020-08-05T10:50:46.796Z","updated_at":"2020-08-05T10:50:46.807Z","branch_name":null,"super_specialities":[]},{"id":4,"name":"E.N.T. SURGERY","isActive":true,"branch":{"id":1,"name":"Allopathy","created_at":"2020-08-05T10:47:14.337Z","updated_at":"2020-08-05T10:47:14.348Z"},"user_role":{"id":1,"name":"Doctor","isActive":true,"created_at":"2020-08-05T10:45:56.831Z","updated_at":"2020-08-05T10:45:56.839Z"},"created_at":"2020-08-05T10:50:56.243Z","updated_at":"2020-08-05T10:50:56.249Z","branch_name":null,"super_specialities":[]},{"id":5,"name":"GENERAL MEDICINE","isActive":true,"branch":{"id":1,"name":"Allopathy","created_at":"2020-08-05T10:47:14.337Z","updated_at":"2020-08-05T10:47:14.348Z"},"user_role":{"id":1,"name":"Doctor","isActive":true,"created_at":"2020-08-05T10:45:56.831Z","updated_at":"2020-08-05T10:45:56.839Z"},"created_at":"2020-08-05T10:51:06.174Z","updated_at":"2020-08-05T10:51:06.180Z","branch_name":null,"super_specialities":[{"id":1,"name":"GASTROENTEROLOGY MEDICINE","isActive":true,"branch":1,"user_role":1,"speciality":5,"created_at":"2020-08-05T10:55:53.003Z","updated_at":"2020-08-05T10:55:53.012Z"},{"id":3,"name":"CARDIOLOGY (Adult & Pediatric)","isActive":true,"branch":1,"user_role":1,"speciality":5,"created_at":"2020-08-05T10:56:20.079Z","updated_at":"2020-08-05T10:56:20.087Z"},{"id":5,"name":"NEURO MEDICINE","isActive":true,"branch":1,"user_role":1,"speciality":5,"created_at":"2020-08-05T10:56:43.108Z","updated_at":"2020-08-05T10:56:43.116Z"},{"id":2,"name":"ENDOCRINOLOGY","isActive":true,"branch":1,"user_role":1,"speciality":5,"created_at":"2020-08-05T10:56:05.577Z","updated_at":"2020-08-05T10:56:05.585Z"},{"id":4,"name":"NEPHROLOGY","isActive":true,"branch":1,"user_role":1,"speciality":5,"created_at":"2020-08-05T10:56:32.318Z","updated_at":"2020-08-05T10:56:32.325Z"}]},{"id":6,"name":"GENERAL SURGERY","isActive":true,"branch":{"id":1,"name":"Allopathy","created_at":"2020-08-05T10:47:14.337Z","updated_at":"2020-08-05T10:47:14.348Z"},"user_role":{"id":1,"name":"Doctor","isActive":true,"created_at":"2020-08-05T10:45:56.831Z","updated_at":"2020-08-05T10:45:56.839Z"},"created_at":"2020-08-05T10:51:15.872Z","updated_at":"2020-08-05T10:51:15.879Z","branch_name":null,"super_specialities":[{"id":8,"name":"VASCULAR SURGERY","isActive":true,"branch":1,"user_role":1,"speciality":6,"created_at":"2020-08-05T10:57:24.849Z","updated_at":"2020-08-05T10:57:24.857Z"},{"id":9,"name":"NEURO SURGERY","isActive":true,"branch":1,"user_role":1,"speciality":6,"created_at":"2020-08-05T10:57:35.304Z","updated_at":"2020-08-05T10:57:35.311Z"},{"id":7,"name":"GASTROENTEROLOGIC & LAPROSCOPIC SURGERY","isActive":true,"branch":1,"user_role":1,"speciality":6,"created_at":"2020-08-05T10:57:10.263Z","updated_at":"2020-08-05T10:57:10.271Z"},{"id":6,"name":"CARDIOTHORACIC SURGERY","isActive":true,"branch":1,"user_role":1,"speciality":6,"created_at":"2020-08-05T10:56:57.255Z","updated_at":"2020-08-05T10:56:57.262Z"},{"id":10,"name":"PLASTIC & RECONSTRUCTIVE SURGERY","isActive":true,"branch":1,"user_role":1,"speciality":6,"created_at":"2020-08-05T10:57:46.548Z","updated_at":"2020-08-05T10:57:46.555Z"},{"id":11,"name":"UROLOGY","isActive":true,"branch":1,"user_role":1,"speciality":6,"created_at":"2020-08-05T10:57:58.350Z","updated_at":"2020-08-05T10:57:58.357Z"}]},{"id":7,"name":"GENETIC MEDICINE","isActive":true,"branch":{"id":1,"name":"Allopathy","created_at":"2020-08-05T10:47:14.337Z","updated_at":"2020-08-05T10:47:14.348Z"},"user_role":{"id":1,"name":"Doctor","isActive":true,"created_at":"2020-08-05T10:45:56.831Z","updated_at":"2020-08-05T10:45:56.839Z"},"created_at":"2020-08-05T10:51:28.679Z","updated_at":"2020-08-05T10:51:28.687Z","branch_name":null,"super_specialities":[]},{"id":8,"name":"INDUSTRIAL AND OCC. HEALTH MEDICINE","isActive":true,"branch":{"id":1,"name":"Allopathy","created_at":"2020-08-05T10:47:14.337Z","updated_at":"2020-08-05T10:47:14.348Z"},"user_role":{"id":1,"name":"Doctor","isActive":true,"created_at":"2020-08-05T10:45:56.831Z","updated_at":"2020-08-05T10:45:56.839Z"},"created_at":"2020-08-05T10:51:38.577Z","updated_at":"2020-08-05T10:51:38.583Z","branch_name":null,"super_specialities":[]},{"id":9,"name":"MEDICOLEGAL SPECIALITY","isActive":true,"branch":{"id":1,"name":"Allopathy","created_at":"2020-08-05T10:47:14.337Z","updated_at":"2020-08-05T10:47:14.348Z"},"user_role":{"id":1,"name":"Doctor","isActive":true,"created_at":"2020-08-05T10:45:56.831Z","updated_at":"2020-08-05T10:45:56.839Z"},"created_at":"2020-08-05T10:51:47.045Z","updated_at":"2020-08-05T10:51:47.054Z","branch_name":null,"super_specialities":[]},{"id":10,"name":"OBSTETRICS GYNECOLOGY","isActive":true,"branch":{"id":1,"name":"Allopathy","created_at":"2020-08-05T10:47:14.337Z","updated_at":"2020-08-05T10:47:14.348Z"},"user_role":{"id":1,"name":"Doctor","isActive":true,"created_at":"2020-08-05T10:45:56.831Z","updated_at":"2020-08-05T10:45:56.839Z"},"created_at":"2020-08-05T10:51:56.052Z","updated_at":"2020-08-05T10:51:56.058Z","branch_name":null,"super_specialities":[{"id":12,"name":"GYNEC ENDOSCOPEIC SURGERY","isActive":true,"branch":1,"user_role":1,"speciality":10,"created_at":"2020-08-05T10:58:14.154Z","updated_at":"2020-08-05T10:58:14.162Z"}]},{"id":11,"name":"OPHTHALMOLOGY","isActive":true,"branch":{"id":1,"name":"Allopathy","created_at":"2020-08-05T10:47:14.337Z","updated_at":"2020-08-05T10:47:14.348Z"},"user_role":{"id":1,"name":"Doctor","isActive":true,"created_at":"2020-08-05T10:45:56.831Z","updated_at":"2020-08-05T10:45:56.839Z"},"created_at":"2020-08-05T10:52:04.838Z","updated_at":"2020-08-05T10:52:04.845Z","branch_name":null,"super_specialities":[]},{"id":12,"name":"ORTHOPEDIC SURGERY","isActive":true,"branch":{"id":1,"name":"Allopathy","created_at":"2020-08-05T10:47:14.337Z","updated_at":"2020-08-05T10:47:14.348Z"},"user_role":{"id":1,"name":"Doctor","isActive":true,"created_at":"2020-08-05T10:45:56.831Z","updated_at":"2020-08-05T10:45:56.839Z"},"created_at":"2020-08-05T10:52:13.702Z","updated_at":"2020-08-05T10:52:13.710Z","branch_name":null,"super_specialities":[{"id":14,"name":"PEDIATRIC ORTHOPEADIC","isActive":true,"branch":1,"user_role":1,"speciality":12,"created_at":"2020-08-05T10:58:43.990Z","updated_at":"2020-08-05T10:58:43.999Z"},{"id":13,"name":"ENDOSCOPIC & JOINT REPLACEMENT SURGERY","isActive":true,"branch":1,"user_role":1,"speciality":12,"created_at":"2020-08-05T10:58:30.177Z","updated_at":"2020-08-05T10:58:30.185Z"}]},{"id":13,"name":"PATHOLOGY","isActive":true,"branch":{"id":1,"name":"Allopathy","created_at":"2020-08-05T10:47:14.337Z","updated_at":"2020-08-05T10:47:14.348Z"},"user_role":{"id":1,"name":"Doctor","isActive":true,"created_at":"2020-08-05T10:45:56.831Z","updated_at":"2020-08-05T10:45:56.839Z"},"created_at":"2020-08-05T10:52:26.603Z","updated_at":"2020-08-05T10:52:26.614Z","branch_name":null,"super_specialities":[]},{"id":14,"name":"PEDIATRICS","isActive":true,"branch":{"id":1,"name":"Allopathy","created_at":"2020-08-05T10:47:14.337Z","updated_at":"2020-08-05T10:47:14.348Z"},"user_role":{"id":1,"name":"Doctor","isActive":true,"created_at":"2020-08-05T10:45:56.831Z","updated_at":"2020-08-05T10:45:56.839Z"},"created_at":"2020-08-05T10:52:35.787Z","updated_at":"2020-08-05T10:52:35.793Z","branch_name":null,"super_specialities":[{"id":18,"name":"PAEDIATRIC NEUROLOGY","isActive":true,"branch":1,"user_role":1,"speciality":14,"created_at":"2020-08-05T10:59:43.073Z","updated_at":"2020-08-05T10:59:43.084Z"},{"id":17,"name":"PAEDIATRIC INTENSIVE MEDICINE","isActive":true,"branch":1,"user_role":1,"speciality":14,"created_at":"2020-08-05T10:59:30.396Z","updated_at":"2020-08-05T10:59:30.404Z"},{"id":19,"name":"PAEDIATRIC SURGERY","isActive":true,"branch":1,"user_role":1,"speciality":14,"created_at":"2020-08-05T10:59:55.423Z","updated_at":"2020-08-05T10:59:55.431Z"},{"id":16,"name":"PEDIATRIC HEMTO ONCO.","isActive":true,"branch":1,"user_role":1,"speciality":14,"created_at":"2020-08-05T10:59:18.257Z","updated_at":"2020-08-05T10:59:18.264Z"},{"id":15,"name":"PAEDIATRIC CARDIOLOGY","isActive":true,"branch":1,"user_role":1,"speciality":14,"created_at":"2020-08-05T10:59:05.739Z","updated_at":"2020-08-05T10:59:05.746Z"}]},{"id":15,"name":"PSYCHIATRY","isActive":true,"branch":{"id":1,"name":"Allopathy","created_at":"2020-08-05T10:47:14.337Z","updated_at":"2020-08-05T10:47:14.348Z"},"user_role":{"id":1,"name":"Doctor","isActive":true,"created_at":"2020-08-05T10:45:56.831Z","updated_at":"2020-08-05T10:45:56.839Z"},"created_at":"2020-08-05T10:52:47.692Z","updated_at":"2020-08-05T10:52:47.700Z","branch_name":null,"super_specialities":[{"id":20,"name":"PSYCHITRY- HYPNOTHERAPY","isActive":true,"branch":1,"user_role":1,"speciality":15,"created_at":"2020-08-05T11:00:19.617Z","updated_at":"2020-08-05T11:00:19.623Z"}]},{"id":16,"name":"BEHAVIOUR PHYSICHOLOGY & STRESS MEDICINE","isActive":true,"branch":{"id":1,"name":"Allopathy","created_at":"2020-08-05T10:47:14.337Z","updated_at":"2020-08-05T10:47:14.348Z"},"user_role":{"id":1,"name":"Doctor","isActive":true,"created_at":"2020-08-05T10:45:56.831Z","updated_at":"2020-08-05T10:45:56.839Z"},"created_at":"2020-08-05T10:52:59.547Z","updated_at":"2020-08-05T10:52:59.553Z","branch_name":null,"super_specialities":[]},{"id":17,"name":"RADIOLOGY","isActive":true,"branch":{"id":1,"name":"Allopathy","created_at":"2020-08-05T10:47:14.337Z","updated_at":"2020-08-05T10:47:14.348Z"},"user_role":{"id":1,"name":"Doctor","isActive":true,"created_at":"2020-08-05T10:45:56.831Z","updated_at":"2020-08-05T10:45:56.839Z"},"created_at":"2020-08-05T10:53:10.156Z","updated_at":"2020-08-05T10:53:10.162Z","branch_name":null,"super_specialities":[{"id":23,"name":"MAMMOGRAPHY","isActive":true,"branch":1,"user_role":1,"speciality":17,"created_at":"2020-08-05T11:00:56.899Z","updated_at":"2020-08-05T11:00:56.906Z"},{"id":21,"name":"BONE DENSITOMETRY","isActive":true,"branch":1,"user_role":1,"speciality":17,"created_at":"2020-08-05T11:00:33.153Z","updated_at":"2020-08-05T11:00:33.160Z"},{"id":24,"name":"DIGITAL ORTHOPANTOMOGRAPHY (OPG)","isActive":true,"branch":1,"user_role":1,"speciality":17,"created_at":"2020-08-05T11:01:07.682Z","updated_at":"2020-08-05T11:01:07.689Z"},{"id":22,"name":"CT SCAN","isActive":true,"branch":1,"user_role":1,"speciality":17,"created_at":"2020-08-05T11:00:46.865Z","updated_at":"2020-08-05T11:00:46.875Z"}]},{"id":18,"name":"SKIN & V.D MEDICINE","isActive":true,"branch":{"id":1,"name":"Allopathy","created_at":"2020-08-05T10:47:14.337Z","updated_at":"2020-08-05T10:47:14.348Z"},"user_role":{"id":1,"name":"Doctor","isActive":true,"created_at":"2020-08-05T10:45:56.831Z","updated_at":"2020-08-05T10:45:56.839Z"},"created_at":"2020-08-05T10:53:18.922Z","updated_at":"2020-08-05T10:53:18.928Z","branch_name":null,"super_specialities":[]},{"id":19,"name":"BDS","isActive":true,"branch":{"id":2,"name":"Dentist","created_at":"2020-08-05T10:47:24.899Z","updated_at":"2020-08-05T10:47:24.906Z"},"user_role":{"id":1,"name":"Doctor","isActive":true,"created_at":"2020-08-05T10:45:56.831Z","updated_at":"2020-08-05T10:45:56.839Z"},"created_at":"2020-08-05T10:53:28.144Z","updated_at":"2020-08-05T10:53:28.152Z","branch_name":null,"super_specialities":[]},{"id":21,"name":"Materia Medica","isActive":true,"branch":{"id":4,"name":"Homeopathy","created_at":"2020-08-05T10:47:44.983Z","updated_at":"2020-08-05T10:47:44.992Z"},"user_role":{"id":1,"name":"Doctor","isActive":true,"created_at":"2020-08-05T10:45:56.831Z","updated_at":"2020-08-05T10:45:56.839Z"},"created_at":"2020-08-06T05:23:05.122Z","updated_at":"2020-08-06T05:23:05.147Z","branch_name":null,"super_specialities":[]},{"id":22,"name":"Organon","isActive":true,"branch":{"id":4,"name":"Homeopathy","created_at":"2020-08-05T10:47:44.983Z","updated_at":"2020-08-05T10:47:44.992Z"},"user_role":{"id":1,"name":"Doctor","isActive":true,"created_at":"2020-08-05T10:45:56.831Z","updated_at":"2020-08-05T10:45:56.839Z"},"created_at":"2020-08-06T05:23:17.498Z","updated_at":"2020-08-06T05:23:17.509Z","branch_name":null,"super_specialities":[]},{"id":23,"name":"Repertory","isActive":true,"branch":{"id":4,"name":"Homeopathy","created_at":"2020-08-05T10:47:44.983Z","updated_at":"2020-08-05T10:47:44.992Z"},"user_role":{"id":1,"name":"Doctor","isActive":true,"created_at":"2020-08-05T10:45:56.831Z","updated_at":"2020-08-05T10:45:56.839Z"},"created_at":"2020-08-06T05:23:31.431Z","updated_at":"2020-08-06T05:23:31.439Z","branch_name":null,"super_specialities":[]},{"id":24,"name":"Paediatrics","isActive":true,"branch":{"id":4,"name":"Homeopathy","created_at":"2020-08-05T10:47:44.983Z","updated_at":"2020-08-05T10:47:44.992Z"},"user_role":{"id":1,"name":"Doctor","isActive":true,"created_at":"2020-08-05T10:45:56.831Z","updated_at":"2020-08-05T10:45:56.839Z"},"created_at":"2020-08-06T05:23:45.281Z","updated_at":"2020-08-06T05:23:45.289Z","branch_name":null,"super_specialities":[]},{"id":25,"name":"Psychiatry","isActive":true,"branch":{"id":4,"name":"Homeopathy","created_at":"2020-08-05T10:47:44.983Z","updated_at":"2020-08-05T10:47:44.992Z"},"user_role":{"id":1,"name":"Doctor","isActive":true,"created_at":"2020-08-05T10:45:56.831Z","updated_at":"2020-08-05T10:45:56.839Z"},"created_at":"2020-08-06T05:23:55.987Z","updated_at":"2020-08-06T05:23:56.016Z","branch_name":null,"super_specialities":[]},{"id":26,"name":"Kaaya Chikitsa","isActive":true,"branch":{"id":3,"name":"Ayurvedic","created_at":"2020-08-05T10:47:35.746Z","updated_at":"2020-08-05T10:47:35.758Z"},"user_role":{"id":1,"name":"Doctor","isActive":true,"created_at":"2020-08-05T10:45:56.831Z","updated_at":"2020-08-05T10:45:56.839Z"},"created_at":"2020-08-06T05:24:22.913Z","updated_at":"2020-08-06T05:24:22.921Z","branch_name":null,"super_specialities":[]},{"id":27,"name":"Baala Chikitsa","isActive":true,"branch":{"id":3,"name":"Ayurvedic","created_at":"2020-08-05T10:47:35.746Z","updated_at":"2020-08-05T10:47:35.758Z"},"user_role":{"id":1,"name":"Doctor","isActive":true,"created_at":"2020-08-05T10:45:56.831Z","updated_at":"2020-08-05T10:45:56.839Z"},"created_at":"2020-08-06T05:24:45.063Z","updated_at":"2020-08-06T05:24:45.073Z","branch_name":null,"super_specialities":[]},{"id":28,"name":"Graha Chikitsa","isActive":true,"branch":{"id":3,"name":"Ayurvedic","created_at":"2020-08-05T10:47:35.746Z","updated_at":"2020-08-05T10:47:35.758Z"},"user_role":{"id":1,"name":"Doctor","isActive":true,"created_at":"2020-08-05T10:45:56.831Z","updated_at":"2020-08-05T10:45:56.839Z"},"created_at":"2020-08-06T05:24:55.935Z","updated_at":"2020-08-06T05:24:55.952Z","branch_name":null,"super_specialities":[]},{"id":29,"name":"Urdhvaanga Chikitsa","isActive":true,"branch":{"id":3,"name":"Ayurvedic","created_at":"2020-08-05T10:47:35.746Z","updated_at":"2020-08-05T10:47:35.758Z"},"user_role":{"id":1,"name":"Doctor","isActive":true,"created_at":"2020-08-05T10:45:56.831Z","updated_at":"2020-08-05T10:45:56.839Z"},"created_at":"2020-08-06T05:25:11.609Z","updated_at":"2020-08-06T05:25:11.618Z","branch_name":null,"super_specialities":[]},{"id":30,"name":"Shalya Chikitsa","isActive":true,"branch":{"id":3,"name":"Ayurvedic","created_at":"2020-08-05T10:47:35.746Z","updated_at":"2020-08-05T10:47:35.758Z"},"user_role":{"id":1,"name":"Doctor","isActive":true,"created_at":"2020-08-05T10:45:56.831Z","updated_at":"2020-08-05T10:45:56.839Z"},"created_at":"2020-08-06T05:25:22.046Z","updated_at":"2020-08-06T05:25:22.053Z","branch_name":null,"super_specialities":[]},{"id":31,"name":"Damstra Chikitsa","isActive":true,"branch":{"id":3,"name":"Ayurvedic","created_at":"2020-08-05T10:47:35.746Z","updated_at":"2020-08-05T10:47:35.758Z"},"user_role":{"id":1,"name":"Doctor","isActive":true,"created_at":"2020-08-05T10:45:56.831Z","updated_at":"2020-08-05T10:45:56.839Z"},"created_at":"2020-08-06T05:25:33.211Z","updated_at":"2020-08-06T05:25:33.218Z","branch_name":null,"super_specialities":[]},{"id":32,"name":"Jara Chikitsa","isActive":true,"branch":{"id":3,"name":"Ayurvedic","created_at":"2020-08-05T10:47:35.746Z","updated_at":"2020-08-05T10:47:35.758Z"},"user_role":{"id":1,"name":"Doctor","isActive":true,"created_at":"2020-08-05T10:45:56.831Z","updated_at":"2020-08-05T10:45:56.839Z"},"created_at":"2020-08-06T05:25:45.172Z","updated_at":"2020-08-06T05:25:45.183Z","branch_name":null,"super_specialities":[]},{"id":33,"name":"Vrsha Chikitsa","isActive":true,"branch":{"id":3,"name":"Ayurvedic","created_at":"2020-08-05T10:47:35.746Z","updated_at":"2020-08-05T10:47:35.758Z"},"user_role":{"id":1,"name":"Doctor","isActive":true,"created_at":"2020-08-05T10:45:56.831Z","updated_at":"2020-08-05T10:45:56.839Z"},"created_at":"2020-08-06T05:25:57.209Z","updated_at":"2020-08-06T05:25:57.217Z","branch_name":null,"super_specialities":[]},{"id":20,"name":"MDS","isActive":true,"branch":{"id":2,"name":"Dentist","created_at":"2020-08-05T10:47:24.899Z","updated_at":"2020-08-05T10:47:24.906Z"},"user_role":{"id":1,"name":"Doctor","isActive":true,"created_at":"2020-08-05T10:45:56.831Z","updated_at":"2020-08-05T10:45:56.839Z"},"created_at":"2020-08-05T10:53:37.405Z","updated_at":"2020-09-02T07:23:20.983Z","branch_name":null,"super_specialities":[{"id":31,"name":"PERIODONTIST","isActive":true,"branch":2,"user_role":1,"speciality":20,"created_at":"2020-08-05T11:02:40.159Z","updated_at":"2020-09-02T07:23:20.980Z"},{"id":29,"name":"ORTHODONTISTS","isActive":true,"branch":2,"user_role":1,"speciality":20,"created_at":"2020-08-05T11:02:18.489Z","updated_at":"2020-09-02T07:23:20.980Z"},{"id":25,"name":"ENDODONTIST","isActive":true,"branch":2,"user_role":1,"speciality":20,"created_at":"2020-08-05T11:01:29.994Z","updated_at":"2020-09-02T07:23:20.980Z"},{"id":32,"name":"PROSTHODONTIST","isActive":true,"branch":2,"user_role":1,"speciality":20,"created_at":"2020-08-05T11:02:53.794Z","updated_at":"2020-09-02T07:23:20.980Z"},{"id":26,"name":"ORAL & MAXILLOFACIAL SURGEONS","isActive":true,"branch":2,"user_role":1,"speciality":20,"created_at":"2020-08-05T11:01:43.002Z","updated_at":"2020-09-02T07:23:20.980Z"},{"id":28,"name":"ORAL RADIOLOGIST & MEDICINE","isActive":true,"branch":2,"user_role":1,"speciality":20,"created_at":"2020-08-05T11:02:07.614Z","updated_at":"2020-09-02T07:23:20.980Z"},{"id":30,"name":"PEDODONTIST","isActive":true,"branch":2,"user_role":1,"speciality":20,"created_at":"2020-08-05T11:02:29.736Z","updated_at":"2020-09-02T07:23:20.980Z"},{"id":27,"name":"ORAL PATHOLOGIST","isActive":true,"branch":2,"user_role":1,"speciality":20,"created_at":"2020-08-05T11:01:55.188Z","updated_at":"2020-09-02T07:23:20.980Z"}]}]