[{"id":38,"sequence":11,"fields":"Speciality","view":null,"required":null,"isAddedByAdmin":true,"created_at":"2020-10-01T05:24:41.976Z","updated_at":"2020-10-07T08:17:25.252Z","create_registration":null,"isEditable":false},{"id":37,"sequence":1,"fields":"Profile Image","view":null,"required":null,"isAddedByAdmin":true,"created_at":"2020-10-01T05:24:41.948Z","updated_at":"2020-10-07T08:18:02.437Z","create_registration":null,"isEditable":false},{"id":42,"sequence":13,"fields":"xv","view":null,"required":null,"isAddedByAdmin":false,"created_at":"2020-10-07T05:35:17.913Z","updated_at":"2020-10-07T08:18:06.279Z","create_registration":null,"isEditable":true},{"id":45,"sequence":14,"fields":"new field","view":null,"required":null,"isAddedByAdmin":false,"created_at":"2020-10-08T08:49:18.321Z","updated_at":"2020-10-08T08:49:18.321Z","create_registration":null,"isEditable":true},{"id":41,"sequence":10,"fields":"Branch","view":null,"required":null,"isAddedByAdmin":true,"created_at":"2020-10-01T05:24:42.054Z","updated_at":"2020-10-22T06:34:26.806Z","create_registration":null,"isEditable":false},{"id":40,"sequence":12,"fields":"Super Speciality","view":null,"required":null,"isAddedByAdmin":false,"created_at":"2020-10-01T05:24:42.021Z","updated_at":"2020-10-22T06:37:13.678Z","create_registration":null,"isEditable":false},{"id":30,"sequence":2,"fields":"First Name","view":null,"required":null,"isAddedByAdmin":true,"created_at":"2020-10-01T05:24:41.725Z","updated_at":"2020-10-07T08:16:19.569Z","create_registration":null,"isEditable":false},{"id":31,"sequence":3,"fields":"Last Name","view":null,"required":null,"isAddedByAdmin":true,"created_at":"2020-10-01T05:24:41.772Z","updated_at":"2020-10-07T08:16:26.559Z","create_registration":null,"isEditable":false},{"id":36,"sequence":4,"fields":"Date of Birth","view":null,"required":null,"isAddedByAdmin":true,"created_at":"2020-10-01T05:24:41.917Z","updated_at":"2020-10-07T08:16:30.327Z","create_registration":null,"isEditable":false},{"id":32,"sequence":5,"fields":"Phone Number","view":null,"required":null,"isAddedByAdmin":true,"created_at":"2020-10-01T05:24:41.807Z","updated_at":"2020-10-07T08:16:42.461Z","create_registration":null,"isEditable":false},{"id":33,"sequence":6,"fields":"Email","view":null,"required":null,"isAddedByAdmin":true,"created_at":"2020-10-01T05:24:41.838Z","updated_at":"2020-10-07T08:16:51.101Z","create_registration":null,"isEditable":false},{"id":35,"sequence":7,"fields":"Country","view":null,"required":null,"isAddedByAdmin":true,"created_at":"2020-10-01T05:24:41.888Z","updated_at":"2020-10-07T08:16:57.894Z","create_registration":null,"isEditable":false},{"id":39,"sequence":8,"fields":"State","view":null,"required":null,"isAddedByAdmin":true,"created_at":"2020-10-01T05:24:41.996Z","updated_at":"2020-10-07T08:17:08.367Z","create_registration":null,"isEditable":false},{"id":34,"sequence":9,"fields":"City","view":null,"required":null,"isAddedByAdmin":true,"created_at":"2020-10-01T05:24:41.861Z","updated_at":"2020-10-07T08:17:14.433Z","create_registration":null,"isEditable":false}]