[{"id":11,"sequence":2,"fields":"University Name","required":null,"created_at":"2020-10-22T06:51:04.494Z","updated_at":"2020-10-22T06:51:04.503Z","create_registration":null},{"id":12,"sequence":3,"fields":"Passing Year","required":null,"created_at":"2020-10-22T06:51:04.511Z","updated_at":"2020-10-22T06:51:04.521Z","create_registration":null},{"id":13,"sequence":1,"fields":"Degree Name","required":null,"created_at":"2020-10-22T06:51:04.531Z","updated_at":"2020-10-22T06:51:04.541Z","create_registration":null},{"id":14,"sequence":4,"fields":"Certificate","required":null,"created_at":"2020-10-22T06:52:24.130Z","updated_at":"2020-10-22T06:52:24.139Z","create_registration":null}]