[{"id":9,"sequence":4,"fields":"Signature Letter","required":null,"created_at":"2020-10-22T06:50:50.360Z","updated_at":"2020-10-22T06:50:50.373Z","create_registration":null},{"id":10,"sequence":2,"fields":"Member Email","required":null,"created_at":"2020-10-22T06:50:50.382Z","updated_at":"2020-10-22T06:50:50.388Z","create_registration":null},{"id":11,"sequence":1,"fields":"Proposed By","required":null,"created_at":"2020-10-22T06:50:50.395Z","updated_at":"2020-10-22T06:50:50.402Z","create_registration":null},{"id":13,"sequence":5,"fields":"Contact No.","required":null,"created_at":"2020-10-22T06:51:48.284Z","updated_at":"2020-10-22T06:51:48.295Z","create_registration":null},{"id":12,"sequence":3,"fields":"Registration Number","required":null,"created_at":"2020-10-22T06:50:50.412Z","updated_at":"2020-11-05T05:22:19.151Z","create_registration":null}]