[{"id":13,"name":"PATHOLOGY","isActive":true,"branch":{"id":9,"name":"Allopathy","created_at":"2021-01-05T04:37:52.314Z","updated_at":"2021-01-05T04:37:52.314Z"},"user_role":{"id":1,"name":"Doctor","isActive":true,"created_at":"2021-01-05T08:36:27.190Z","updated_at":"2021-01-05T08:36:27.190Z"},"created_at":"2021-01-05T08:59:01.208Z","updated_at":"2021-01-08T07:14:14.689Z","super_specialities":[]},{"id":14,"name":"PEDIATRICS","isActive":true,"branch":{"id":9,"name":"Allopathy","created_at":"2021-01-05T04:37:52.314Z","updated_at":"2021-01-05T04:37:52.314Z"},"user_role":{"id":1,"name":"Doctor","isActive":true,"created_at":"2021-01-05T08:36:27.190Z","updated_at":"2021-01-05T08:36:27.190Z"},"created_at":"2021-01-05T08:59:01.233Z","updated_at":"2021-01-08T07:14:32.249Z","super_specialities":[{"id":16,"name":"PEDIATRIC HEMTO ONCO.","isActive":true,"branch":1,"user_role":1,"speciality":14,"created_at":"2021-01-05T08:36:12.887Z","updated_at":"2021-01-08T07:14:32.247Z"},{"id":17,"name":"PAEDIATRIC INTENSIVE MEDICINE","isActive":true,"branch":1,"user_role":1,"speciality":14,"created_at":"2021-01-05T08:36:12.906Z","updated_at":"2021-01-08T07:14:32.247Z"},{"id":19,"name":"PAEDIATRIC SURGERY","isActive":true,"branch":1,"user_role":1,"speciality":14,"created_at":"2021-01-05T08:36:12.943Z","updated_at":"2021-01-08T07:14:32.247Z"},{"id":15,"name":"PAEDIATRIC CARDIOLOGY","isActive":true,"branch":1,"user_role":1,"speciality":14,"created_at":"2021-01-05T08:36:12.869Z","updated_at":"2021-01-08T07:14:32.247Z"},{"id":18,"name":"PAEDIATRIC NEUROLOGY","isActive":true,"branch":1,"user_role":1,"speciality":14,"created_at":"2021-01-05T08:36:12.924Z","updated_at":"2021-01-08T07:14:32.247Z"}]},{"id":24,"name":"Psychiatry","isActive":true,"branch":{"id":9,"name":"Allopathy","created_at":"2021-01-05T04:37:52.314Z","updated_at":"2021-01-05T04:37:52.314Z"},"user_role":{"id":1,"name":"Doctor","isActive":true,"created_at":"2021-01-05T08:36:27.190Z","updated_at":"2021-01-05T08:36:27.190Z"},"created_at":"2021-01-05T08:59:01.490Z","updated_at":"2021-01-08T07:14:47.718Z","super_specialities":[]},{"id":7,"name":"GENETIC MEDICINE","isActive":true,"branch":{},"user_role":{"id":1,"name":"Doctor","isActive":true,"created_at":"2021-01-05T08:36:27.190Z","updated_at":"2021-01-05T08:36:27.190Z"},"created_at":"2021-01-05T08:59:01.061Z","updated_at":"2021-01-05T08:59:01.072Z","super_specialities":[]},{"id":16,"name":"BEHAVIOUR PHYSICHOLOGY & STRESS MEDICINE","isActive":true,"branch":{"id":9,"name":"Allopathy","created_at":"2021-01-05T04:37:52.314Z","updated_at":"2021-01-05T04:37:52.314Z"},"user_role":{"id":1,"name":"Doctor","isActive":true,"created_at":"2021-01-05T08:36:27.190Z","updated_at":"2021-01-05T08:36:27.190Z"},"created_at":"2021-01-05T08:59:01.284Z","updated_at":"2021-01-08T07:15:22.703Z","super_specialities":[]},{"id":17,"name":"RADIOLOGY","isActive":true,"branch":{"id":9,"name":"Allopathy","created_at":"2021-01-05T04:37:52.314Z","updated_at":"2021-01-05T04:37:52.314Z"},"user_role":{"id":1,"name":"Doctor","isActive":true,"created_at":"2021-01-05T08:36:27.190Z","updated_at":"2021-01-05T08:36:27.190Z"},"created_at":"2021-01-05T08:59:01.312Z","updated_at":"2021-01-08T07:15:48.228Z","super_specialities":[{"id":24,"name":"DIGITAL ORTHOPANTOMOGRAPHY (OPG)","isActive":true,"branch":1,"user_role":1,"speciality":17,"created_at":"2021-01-05T08:36:13.043Z","updated_at":"2021-01-08T07:15:48.225Z"},{"id":23,"name":"MAMMOGRAPHY","isActive":true,"branch":1,"user_role":1,"speciality":17,"created_at":"2021-01-05T08:36:13.024Z","updated_at":"2021-01-08T07:15:48.225Z"},{"id":22,"name":"CT SCAN","isActive":true,"branch":1,"user_role":1,"speciality":17,"created_at":"2021-01-05T08:36:13.005Z","updated_at":"2021-01-08T07:15:48.225Z"},{"id":21,"name":"BONE DENSITOMETRY","isActive":true,"branch":1,"user_role":1,"speciality":17,"created_at":"2021-01-05T08:36:12.984Z","updated_at":"2021-01-08T07:15:48.225Z"}]},{"id":18,"name":"SKIN & V.D MEDICINE","isActive":true,"branch":{"id":9,"name":"Allopathy","created_at":"2021-01-05T04:37:52.314Z","updated_at":"2021-01-05T04:37:52.314Z"},"user_role":{"id":1,"name":"Doctor","isActive":true,"created_at":"2021-01-05T08:36:27.190Z","updated_at":"2021-01-05T08:36:27.190Z"},"created_at":"2021-01-05T08:59:01.341Z","updated_at":"2021-01-08T07:20:42.634Z","super_specialities":[]},{"id":1,"name":"   General Practioner","isActive":true,"branch":{"id":9,"name":"Allopathy","created_at":"2021-01-05T04:37:52.314Z","updated_at":"2021-01-05T04:37:52.314Z"},"user_role":{"id":1,"name":"Doctor","isActive":true,"created_at":"2021-01-05T08:36:27.190Z","updated_at":"2021-01-05T08:36:27.190Z"},"created_at":"2021-01-05T08:59:00.909Z","updated_at":"2021-01-08T06:37:19.435Z","super_specialities":[]},{"id":19,"name":"BDS","isActive":true,"branch":{"id":10,"name":"Dentist","created_at":"2021-01-05T04:37:52.326Z","updated_at":"2021-01-05T04:37:52.326Z"},"user_role":{"id":1,"name":"Doctor","isActive":true,"created_at":"2021-01-05T08:36:27.190Z","updated_at":"2021-01-05T08:36:27.190Z"},"created_at":"2021-01-05T08:59:01.368Z","updated_at":"2021-01-08T07:23:32.240Z","super_specialities":[]},{"id":2,"name":"ANAESTHESIA","isActive":true,"branch":{"id":9,"name":"Allopathy","created_at":"2021-01-05T04:37:52.314Z","updated_at":"2021-01-05T04:37:52.314Z"},"user_role":{"id":1,"name":"Doctor","isActive":true,"created_at":"2021-01-05T08:36:27.190Z","updated_at":"2021-01-05T08:36:27.190Z"},"created_at":"2021-01-05T08:59:00.943Z","updated_at":"2021-01-08T07:00:11.481Z","super_specialities":[]},{"id":3,"name":"CHEST MEDICINE (Pulmonology)","isActive":true,"branch":{"id":9,"name":"Allopathy","created_at":"2021-01-05T04:37:52.314Z","updated_at":"2021-01-05T04:37:52.314Z"},"user_role":{"id":1,"name":"Doctor","isActive":true,"created_at":"2021-01-05T08:36:27.190Z","updated_at":"2021-01-05T08:36:27.190Z"},"created_at":"2021-01-05T08:59:00.965Z","updated_at":"2021-01-08T07:01:00.711Z","super_specialities":[]},{"id":20,"name":"Materia Medica","isActive":true,"branch":{"id":12,"name":"Homeopathy","created_at":"2021-01-05T04:37:52.347Z","updated_at":"2021-01-05T04:37:52.347Z"},"user_role":{"id":1,"name":"Doctor","isActive":true,"created_at":"2021-01-05T08:36:27.190Z","updated_at":"2021-01-05T08:36:27.190Z"},"created_at":"2021-01-05T08:59:01.392Z","updated_at":"2021-01-08T07:24:04.820Z","super_specialities":[]},{"id":4,"name":"E.N.T. SURGERY","isActive":true,"branch":{"id":9,"name":"Allopathy","created_at":"2021-01-05T04:37:52.314Z","updated_at":"2021-01-05T04:37:52.314Z"},"user_role":{"id":1,"name":"Doctor","isActive":true,"created_at":"2021-01-05T08:36:27.190Z","updated_at":"2021-01-05T08:36:27.190Z"},"created_at":"2021-01-05T08:59:00.987Z","updated_at":"2021-01-08T07:01:24.277Z","super_specialities":[]},{"id":5,"name":"GENERAL MEDICINE","isActive":true,"branch":{"id":9,"name":"Allopathy","created_at":"2021-01-05T04:37:52.314Z","updated_at":"2021-01-05T04:37:52.314Z"},"user_role":{"id":1,"name":"Doctor","isActive":true,"created_at":"2021-01-05T08:36:27.190Z","updated_at":"2021-01-05T08:36:27.190Z"},"created_at":"2021-01-05T08:59:01.010Z","updated_at":"2021-01-08T07:02:14.436Z","super_specialities":[{"id":2,"name":"ENDOCRINOLOGY","isActive":true,"branch":1,"user_role":1,"speciality":5,"created_at":"2021-01-05T08:36:12.613Z","updated_at":"2021-01-08T07:02:14.433Z"},{"id":1,"name":"GASTROENTEROLOGY MEDICINE","isActive":true,"branch":1,"user_role":1,"speciality":5,"created_at":"2021-01-05T08:36:12.589Z","updated_at":"2021-01-08T07:02:14.433Z"},{"id":4,"name":"NEPHROLOGY","isActive":true,"branch":1,"user_role":1,"speciality":5,"created_at":"2021-01-05T08:36:12.653Z","updated_at":"2021-01-08T07:02:14.433Z"},{"id":3,"name":"CARDIOLOGY (Adult & Pediatric)","isActive":true,"branch":1,"user_role":1,"speciality":5,"created_at":"2021-01-05T08:36:12.634Z","updated_at":"2021-01-08T07:02:14.433Z"},{"id":5,"name":"NEURO MEDICINE","isActive":true,"branch":1,"user_role":1,"speciality":5,"created_at":"2021-01-05T08:36:12.675Z","updated_at":"2021-01-08T07:02:14.433Z"}]},{"id":21,"name":"Organon","isActive":true,"branch":{"id":12,"name":"Homeopathy","created_at":"2021-01-05T04:37:52.347Z","updated_at":"2021-01-05T04:37:52.347Z"},"user_role":{"id":1,"name":"Doctor","isActive":true,"created_at":"2021-01-05T08:36:27.190Z","updated_at":"2021-01-05T08:36:27.190Z"},"created_at":"2021-01-05T08:59:01.419Z","updated_at":"2021-01-08T07:24:24.214Z","super_specialities":[]},{"id":6,"name":"GENERAL SURGERY","isActive":true,"branch":{"id":9,"name":"Allopathy","created_at":"2021-01-05T04:37:52.314Z","updated_at":"2021-01-05T04:37:52.314Z"},"user_role":{"id":1,"name":"Doctor","isActive":true,"created_at":"2021-01-05T08:36:27.190Z","updated_at":"2021-01-05T08:36:27.190Z"},"created_at":"2021-01-05T08:59:01.036Z","updated_at":"2021-01-08T07:02:44.467Z","super_specialities":[{"id":6,"name":"CARDIOTHORACIC SURGERY","isActive":true,"branch":1,"user_role":1,"speciality":6,"created_at":"2021-01-05T08:36:12.694Z","updated_at":"2021-01-08T07:02:44.465Z"},{"id":10,"name":"PLASTIC & RECONSTRUCTIVE SURGERY","isActive":true,"branch":1,"user_role":1,"speciality":6,"created_at":"2021-01-05T08:36:12.773Z","updated_at":"2021-01-08T07:02:44.465Z"},{"id":7,"name":"GASTROENTEROLOGIC & LAPROSCOPIC SURGERY","isActive":true,"branch":1,"user_role":1,"speciality":6,"created_at":"2021-01-05T08:36:12.713Z","updated_at":"2021-01-08T07:02:44.465Z"},{"id":8,"name":"VASCULAR SURGERY","isActive":true,"branch":1,"user_role":1,"speciality":6,"created_at":"2021-01-05T08:36:12.732Z","updated_at":"2021-01-08T07:02:44.465Z"},{"id":9,"name":"NEURO SURGERY","isActive":true,"branch":1,"user_role":1,"speciality":6,"created_at":"2021-01-05T08:36:12.751Z","updated_at":"2021-01-08T07:02:44.465Z"},{"id":11,"name":"UROLOGY","isActive":true,"branch":1,"user_role":1,"speciality":6,"created_at":"2021-01-05T08:36:12.793Z","updated_at":"2021-01-08T07:02:44.465Z"}]},{"id":8,"name":"INDUSTRIAL AND OCC. HEALTH MEDICINE","isActive":true,"branch":{"id":9,"name":"Allopathy","created_at":"2021-01-05T04:37:52.314Z","updated_at":"2021-01-05T04:37:52.314Z"},"user_role":{"id":1,"name":"Doctor","isActive":true,"created_at":"2021-01-05T08:36:27.190Z","updated_at":"2021-01-05T08:36:27.190Z"},"created_at":"2021-01-05T08:59:01.084Z","updated_at":"2021-01-08T07:03:55.616Z","super_specialities":[]},{"id":22,"name":"Repertory","isActive":true,"branch":{"id":12,"name":"Homeopathy","created_at":"2021-01-05T04:37:52.347Z","updated_at":"2021-01-05T04:37:52.347Z"},"user_role":{"id":1,"name":"Doctor","isActive":true,"created_at":"2021-01-05T08:36:27.190Z","updated_at":"2021-01-05T08:36:27.190Z"},"created_at":"2021-01-05T08:59:01.442Z","updated_at":"2021-01-08T07:24:42.857Z","super_specialities":[]},{"id":9,"name":"MEDICOLEGAL SPECIALITY","isActive":true,"branch":{"id":9,"name":"Allopathy","created_at":"2021-01-05T04:37:52.314Z","updated_at":"2021-01-05T04:37:52.314Z"},"user_role":{"id":1,"name":"Doctor","isActive":true,"created_at":"2021-01-05T08:36:27.190Z","updated_at":"2021-01-05T08:36:27.190Z"},"created_at":"2021-01-05T08:59:01.111Z","updated_at":"2021-01-08T07:04:30.521Z","super_specialities":[]},{"id":10,"name":"OBSTETRICS GYNECOLOGY","isActive":true,"branch":{"id":9,"name":"Allopathy","created_at":"2021-01-05T04:37:52.314Z","updated_at":"2021-01-05T04:37:52.314Z"},"user_role":{"id":1,"name":"Doctor","isActive":true,"created_at":"2021-01-05T08:36:27.190Z","updated_at":"2021-01-05T08:36:27.190Z"},"created_at":"2021-01-05T08:59:01.137Z","updated_at":"2021-01-08T07:04:52.617Z","super_specialities":[{"id":12,"name":"GYNEC ENDOSCOPEIC SURGERY","isActive":true,"branch":1,"user_role":1,"speciality":10,"created_at":"2021-01-05T08:36:12.811Z","updated_at":"2021-01-08T07:04:52.614Z"}]},{"id":23,"name":"Paediatrics","isActive":true,"branch":{"id":12,"name":"Homeopathy","created_at":"2021-01-05T04:37:52.347Z","updated_at":"2021-01-05T04:37:52.347Z"},"user_role":{"id":1,"name":"Doctor","isActive":true,"created_at":"2021-01-05T08:36:27.190Z","updated_at":"2021-01-05T08:36:27.190Z"},"created_at":"2021-01-05T08:59:01.468Z","updated_at":"2021-01-08T07:25:02.600Z","super_specialities":[]},{"id":11,"name":"OPHTHALMOLOGY","isActive":true,"branch":{"id":9,"name":"Allopathy","created_at":"2021-01-05T04:37:52.314Z","updated_at":"2021-01-05T04:37:52.314Z"},"user_role":{"id":1,"name":"Doctor","isActive":true,"created_at":"2021-01-05T08:36:27.190Z","updated_at":"2021-01-05T08:36:27.190Z"},"created_at":"2021-01-05T08:59:01.160Z","updated_at":"2021-01-08T07:08:03.357Z","super_specialities":[]},{"id":12,"name":"ORTHOPEDIC SURGERY","isActive":true,"branch":{"id":9,"name":"Allopathy","created_at":"2021-01-05T04:37:52.314Z","updated_at":"2021-01-05T04:37:52.314Z"},"user_role":{"id":1,"name":"Doctor","isActive":true,"created_at":"2021-01-05T08:36:27.190Z","updated_at":"2021-01-05T08:36:27.190Z"},"created_at":"2021-01-05T08:59:01.184Z","updated_at":"2021-01-08T07:13:30.707Z","super_specialities":[{"id":13,"name":"ENDOSCOPIC & JOINT REPLACEMENT SURGERY","isActive":true,"branch":1,"user_role":1,"speciality":12,"created_at":"2021-01-05T08:36:12.830Z","updated_at":"2021-01-08T07:13:30.704Z"},{"id":14,"name":"PEDIATRIC ORTHOPEADIC","isActive":true,"branch":1,"user_role":1,"speciality":12,"created_at":"2021-01-05T08:36:12.851Z","updated_at":"2021-01-08T07:13:30.704Z"}]},{"id":15,"name":"PSYCHIATRY","isActive":true,"branch":{"id":12,"name":"Homeopathy","created_at":"2021-01-05T04:37:52.347Z","updated_at":"2021-01-05T04:37:52.347Z"},"user_role":{"id":1,"name":"Doctor","isActive":true,"created_at":"2021-01-05T08:36:27.190Z","updated_at":"2021-01-05T08:36:27.190Z"},"created_at":"2021-01-05T08:59:01.260Z","updated_at":"2021-01-08T07:25:22.884Z","super_specialities":[{"id":20,"name":"PSYCHITRY- HYPNOTHERAPY","isActive":true,"branch":1,"user_role":1,"speciality":15,"created_at":"2021-01-05T08:36:12.964Z","updated_at":"2021-01-08T07:25:22.879Z"}]},{"id":26,"name":"Baala Chikitsa","isActive":true,"branch":{"id":11,"name":"Ayurvedic","created_at":"2021-01-05T04:37:52.336Z","updated_at":"2021-01-05T04:37:52.336Z"},"user_role":{"id":1,"name":"Doctor","isActive":true,"created_at":"2021-01-05T08:36:27.190Z","updated_at":"2021-01-05T08:36:27.190Z"},"created_at":"2021-01-05T08:59:01.540Z","updated_at":"2021-01-08T07:26:42.500Z","super_specialities":[]},{"id":25,"name":"Kaaya Chikitsa","isActive":true,"branch":{"id":11,"name":"Ayurvedic","created_at":"2021-01-05T04:37:52.336Z","updated_at":"2021-01-05T04:37:52.336Z"},"user_role":{"id":1,"name":"Doctor","isActive":true,"created_at":"2021-01-05T08:36:27.190Z","updated_at":"2021-01-05T08:36:27.190Z"},"created_at":"2021-01-05T08:59:01.516Z","updated_at":"2021-01-08T07:27:18.336Z","super_specialities":[]},{"id":27,"name":"Graha Chikitsa","isActive":true,"branch":{"id":11,"name":"Ayurvedic","created_at":"2021-01-05T04:37:52.336Z","updated_at":"2021-01-05T04:37:52.336Z"},"user_role":{"id":1,"name":"Doctor","isActive":true,"created_at":"2021-01-05T08:36:27.190Z","updated_at":"2021-01-05T08:36:27.190Z"},"created_at":"2021-01-05T08:59:01.563Z","updated_at":"2021-01-08T07:27:24.621Z","super_specialities":[]},{"id":30,"name":"Damstra Chikitsa","isActive":true,"branch":{"id":11,"name":"Ayurvedic","created_at":"2021-01-05T04:37:52.336Z","updated_at":"2021-01-05T04:37:52.336Z"},"user_role":{"id":1,"name":"Doctor","isActive":true,"created_at":"2021-01-05T08:36:27.190Z","updated_at":"2021-01-05T08:36:27.190Z"},"created_at":"2021-01-05T08:59:01.635Z","updated_at":"2021-01-08T07:27:59.564Z","super_specialities":[]},{"id":31,"name":"Jara Chikitsa","isActive":true,"branch":{"id":11,"name":"Ayurvedic","created_at":"2021-01-05T04:37:52.336Z","updated_at":"2021-01-05T04:37:52.336Z"},"user_role":{"id":1,"name":"Doctor","isActive":true,"created_at":"2021-01-05T08:36:27.190Z","updated_at":"2021-01-05T08:36:27.190Z"},"created_at":"2021-01-05T08:59:01.662Z","updated_at":"2021-01-08T07:28:06.585Z","super_specialities":[]},{"id":28,"name":"Urdhvaanga Chikitsa","isActive":true,"branch":{"id":11,"name":"Ayurvedic","created_at":"2021-01-05T04:37:52.336Z","updated_at":"2021-01-05T04:37:52.336Z"},"user_role":{"id":1,"name":"Doctor","isActive":true,"created_at":"2021-01-05T08:36:27.190Z","updated_at":"2021-01-05T08:36:27.190Z"},"created_at":"2021-01-05T08:59:01.587Z","updated_at":"2021-01-08T07:28:24.185Z","super_specialities":[]},{"id":29,"name":"Shalya Chikitsa","isActive":true,"branch":{"id":11,"name":"Ayurvedic","created_at":"2021-01-05T04:37:52.336Z","updated_at":"2021-01-05T04:37:52.336Z"},"user_role":{"id":1,"name":"Doctor","isActive":true,"created_at":"2021-01-05T08:36:27.190Z","updated_at":"2021-01-05T08:36:27.190Z"},"created_at":"2021-01-05T08:59:01.610Z","updated_at":"2021-01-08T07:28:51.474Z","super_specialities":[]},{"id":32,"name":"Vrsha Chikitsa","isActive":true,"branch":{"id":11,"name":"Ayurvedic","created_at":"2021-01-05T04:37:52.336Z","updated_at":"2021-01-05T04:37:52.336Z"},"user_role":{"id":1,"name":"Doctor","isActive":true,"created_at":"2021-01-05T08:36:27.190Z","updated_at":"2021-01-05T08:36:27.190Z"},"created_at":"2021-01-05T08:59:01.686Z","updated_at":"2021-01-08T07:28:59.096Z","super_specialities":[]},{"id":33,"name":"MDS","isActive":true,"branch":{"id":10,"name":"Dentist","created_at":"2021-01-05T04:37:52.326Z","updated_at":"2021-01-05T04:37:52.326Z"},"user_role":{"id":1,"name":"Doctor","isActive":true,"created_at":"2021-01-05T08:36:27.190Z","updated_at":"2021-01-05T08:36:27.190Z"},"created_at":"2021-01-05T08:59:01.711Z","updated_at":"2021-01-08T07:29:23.333Z","super_specialities":[{"id":32,"name":"PROSTHODONTIST","isActive":true,"branch":2,"user_role":1,"speciality":33,"created_at":"2021-01-05T08:36:13.194Z","updated_at":"2021-01-08T07:29:23.331Z"},{"id":26,"name":"ORAL & MAXILLOFACIAL SURGEONS","isActive":true,"branch":2,"user_role":1,"speciality":33,"created_at":"2021-01-05T08:36:13.083Z","updated_at":"2021-01-08T07:29:23.331Z"},{"id":27,"name":"ORAL PATHOLOGIST","isActive":true,"branch":2,"user_role":1,"speciality":33,"created_at":"2021-01-05T08:36:13.102Z","updated_at":"2021-01-08T07:29:23.331Z"},{"id":29,"name":"ORTHODONTISTS","isActive":true,"branch":2,"user_role":1,"speciality":33,"created_at":"2021-01-05T08:36:13.141Z","updated_at":"2021-01-08T07:29:23.331Z"},{"id":25,"name":"ENDODONTIST","isActive":true,"branch":2,"user_role":1,"speciality":33,"created_at":"2021-01-05T08:36:13.064Z","updated_at":"2021-01-08T07:29:23.331Z"},{"id":31,"name":"PERIODONTIST","isActive":true,"branch":2,"user_role":1,"speciality":33,"created_at":"2021-01-05T08:36:13.176Z","updated_at":"2021-01-08T07:29:23.331Z"},{"id":28,"name":"ORAL RADIOLOGIST & MEDICINE","isActive":true,"branch":2,"user_role":1,"speciality":33,"created_at":"2021-01-05T08:36:13.123Z","updated_at":"2021-01-08T07:29:23.331Z"},{"id":30,"name":"PEDODONTIST","isActive":true,"branch":2,"user_role":1,"speciality":33,"created_at":"2021-01-05T08:36:13.159Z","updated_at":"2021-01-08T07:29:23.331Z"}]}]