[{"id":12351,"country":null,"name":"Gujarat","created_at":"2020-09-08T08:39:24.971Z","updated_at":"2020-09-08T08:39:24.998Z","country_id":null,"conferences":[],"cities":[{"id":26025,"name":"Adalaj","state":12344,"created_at":"2020-09-08T08:23:43.920Z","updated_at":"2020-09-08T08:39:24.995Z","state_id":12351},{"id":26026,"name":"Anand","state":12344,"created_at":"2020-09-08T08:24:00.119Z","updated_at":"2020-09-08T08:39:24.995Z","state_id":12351},{"id":26027,"name":"Vadodara","state":12344,"created_at":"2020-09-08T08:24:09.747Z","updated_at":"2020-09-08T08:39:24.995Z","state_id":12351}]},{"id":12352,"country":null,"name":"Andhra Pradesh","created_at":"2020-09-08T08:39:47.266Z","updated_at":"2020-09-08T08:39:47.288Z","country_id":null,"conferences":[],"cities":[{"id":26022,"name":"Alampur","state":12343,"created_at":"2020-09-08T08:20:53.402Z","updated_at":"2020-09-08T08:39:47.285Z","state_id":12352},{"id":26028,"name":"Adoor","state":12345,"created_at":"2020-09-08T08:24:49.692Z","updated_at":"2020-09-08T08:39:47.285Z","state_id":12352}]}]