[{"id":1,"name":"Doctor","isActive":true,"created_at":"2020-08-05T10:45:56.831Z","updated_at":"2020-08-05T10:45:56.839Z"},{"id":3,"name":"Event Management","isActive":true,"created_at":"2020-08-05T10:46:42.650Z","updated_at":"2020-08-05T10:46:42.661Z"},{"id":2,"name":"Vendor","isActive":true,"created_at":"2020-08-05T10:46:31.973Z","updated_at":"2020-09-15T07:12:17.481Z"},{"id":5,"name":"Hospital Administrator","isActive":true,"created_at":"2020-09-15T07:12:40.825Z","updated_at":"2020-09-15T07:12:40.832Z"},{"id":6,"name":"Pharmacist","isActive":true,"created_at":"2020-09-15T07:13:16.413Z","updated_at":"2020-09-15T07:13:16.420Z"},{"id":7,"name":"Physiotherapist","isActive":true,"created_at":"2020-09-15T07:13:34.646Z","updated_at":"2020-09-15T07:13:41.647Z"},{"id":4,"name":"Paramedic","isActive":true,"created_at":"2020-09-15T07:12:27.818Z","updated_at":"2020-09-15T07:13:59.313Z"},{"id":9,"name":"Nursing","isActive":true,"created_at":"2020-09-15T07:14:36.996Z","updated_at":"2020-09-15T07:14:37.008Z"},{"id":8,"name":"Optometrist","isActive":true,"created_at":"2020-09-15T07:14:23.744Z","updated_at":"2020-09-15T07:14:48.956Z"}]